PC,Proportion.Variance.Explained
1,0.027773002857783176
2,0.014611888555146484
3,0.008223780191300115
4,0.007421943053859723
5,0.005678318952467847
6,0.003958529429411539
7,0.003082296520114078
8,0.002852355298194666
9,0.002367077437807878
10,0.0021598374603492287
