PC,Proportion.Variance.Explained
1,0.027615243555467236
2,0.014490141408178427
3,0.00814981120299146
4,0.00735651255793108
5,0.0056308601658936076
6,0.003947862512050826
7,0.0030586693801942255
8,0.002834451711901106
9,0.002346241085951358
10,0.0021461969105767225
